Name,Country,Occupation,Hobby,Phone no,Age,Gender (0 = male and 1 = female),Genre
Ga-in,JAPAN,Database administrator,Astronomy,9823401239,43,1,VOCAL
Ga-yoon,JAPAN,Medical Sonographer,Wine Tasting,9022314445,23,1,KPOP
Eun-sook,AUSTRALIA,High School Teacher,Embroidery,9080403251,23,1,KPOP
Miles Graber,RUSSIA,Research Analyst,Jewelry Making,8712334440,30,0,VOCAL
Dick Manger,RUSSIA,Bus Driver,Fantasy Sports,9022314445,31,0,DISCO
Abhiraksa Naeem,INDIA,Sports Coach,Bowling,8889023176,56,1,VOCAL
Abhiti Soma,SPAIN,Drafter,Poker and Cards,8712334440,34,1,DISCO
Dewayne Goldston,RUSSIA,Paralegal,Chess,7634219382,33,0,DISCO
Nicholas Bugg,COLOMBIA,Database administrator,Puzzles,8889023176,37,0,VOCAL
Burton Gagnon,COLOMBIA,Bus Driver,Watchmaking,6578833332,20,0,KPOP
Abhramu Malini,SPAIN,Patrol Officer,Survival,8932954021,76,1,ACOUSTIC
Amardeep Dibyendu,INDIA,Statistician,Wet Shaving,2189443647,32,1,DANCE
Annanya Shvetank,INDIA,Mathematician,Camping,4487294729,54,1,ACOUSTIC
Dion Gavin,BRAZIL,Desktop publisher,Boxing,6923109933,31,0,DISCO
Jeff Landes,FINLAND,Lawyer,Archery,9022314445,27,0,DISCO
Deangelo Wikoff,FINLAND,Veterinarian,Music Producing,8932954021,30,0,EDM
Sung-sook,SOUTH AFRICA,Epidemiologist,Archery,7798231102,34,1,DISCO
Mi-rae,SOUTH AFRICA,Mechanical Engineer,Jewelry Making,8889023176,78,1,ACOUSTIC
Clark Agee,CANADA,Economist,Chess,8932954021,20,0,KPOP
Lalisa Manoban,THAILAND,Insurance Agent,Coaching,9987415301,21,1,KPOP
Merle Swager,GERMANY,Real Estate Agent,Magic,8712334440,34,0,DISCO
Anthony Meigs,CHINA,Paralegal,Fantasy Sports,7843221097,35,0,VOCAL
Basanti Yogendra,INDIA,Logistician,Genealogy,9040302218,15,1,EDM
Bayya Kittur,INDIA,Economist,Interior design,6923109933,33,1,DISCO
Chandra Dhupam,SOUTH AFRICA,Laboratory Technician,Biking,8755437129,67,1,ACOUSTIC
Humberto Torrey,GREECE,Repair Worker,Knitting,7634219382,87,0,FOLK
Dipa Parul,INDIA,Housekeeper,Darts,7798231102,98,1,ACOUSTIC
Damian Bently,POLAND,Executive Assistant,Chess,6923109933,21,0,KPOP
Emil Booe,POLAND,Auto Mechanic,Investing,9924771209,53,0,FOLK
Gajagamani Tumkur,NIGERIA,Editor,Geocaching,8932954021,44,1,VOCAL
Gunamaya Viresh,INDIA,Personal Care Aide,Knife Making,6578833332,22,1,KPOP
Gunavini Rangaswamy,INDIA,Interpreter & Translator,Cooking and Grilling,4487294729,103,1,ACOUSTIC
Bart Holmquist,SPAIN,Lawyer,Drawing,8889023176,67,0,FOLK
Harley Shumaker,GREECE,Photographer,Calligraphy,7798231102,45,0,VOCAL
Jaiman Ramchander,INDIA,Teacher Assistant,Sailing and Canoeing,7864321190,23,1,EDM
Jasalina Laddha,INDIA,Construction Manager,Pottery,7843221097,12,1,EDM
Otis Oquinn,UK,Automotive mechanic,Coaching,6758433219,39,0,VOCAL
Johnathon Gu,RUSSIA,Food Scientist,Fishing,7745983245,45,0,VOCAL
Clair Denham,RUSSIA,Judge,Rock collecting,8932954021,60,0,FOLK
Donovan Dickerson,JAPAN,Educator,Photography,9022314445,23,0,KPOP
Eun-young,JAPAN,Microbiologist,Paintball,6578833332,12,1,EDM
Eunseo,JAPAN,Childcare worker,Fashion Design,8712334440,21,1,KPOP
Joe Rabideau,UK,Executive Assistant,Fishing,7843221097,30,0,DISCO
Kanyana Saunak,SOUTH AFRICA,Systems Analyst,Meditation,7798231102,45,1,VOCAL
Antony Gerst,UK,Fitness Trainer,Origami,8932954021,27,0,DISCO
Derrick Cosby,FRANCE,Dentist,Flying,6923109933,70,0,FOLK
Shayne Ramer,FRANCE,Bus Driver,Gold Panning,7798231102,12,0,EDM
Karkari Sujeev,AUSTRALIA,School Counselor,Collecting,9924771209,87,1,ACOUSTIC
Kasu Amroliwallah,AUSTRALIA,Social Worker,Foreign Languages,9823401239,43,1,VOCAL
Rohena Lahiri,INDIA,Professional athlete,Painting and Drawing,6578833332,22,1,KPOP
Debasis Sundhararajan,SOUTH AFRICA,Logistician,Snorkeling,6002314789,89,0,FOLK
Shanta Salagame,INDIA,Artist,Fantasy Sports,9022314445,12,1,EDM
Devasru Subramanyan,INDIA,Financial Advisor,Painting and Drawing,4487294729,35,0,VOCAL
Sharad Buhpathi,INDIA,Court Reporter,Playing Tennis,6578833332,7,1,DANCE
Ae-jung,KOREA,Epidemiologist,Bowling,7798231102,22,1,KPOP
Dharmadhrt Ramila,INDIA,Court Reporter,Organizing,8712334440,24,0,KPOP
Dhritiman Salim,ITALY,Pathologist,Dancing,7798231102,11,0,EDM
Ah-seong,KOREA,Architect,Puzzles,8932954021,76,1,ACOUSTIC
Kyung-ja,SOUTH AFRICA,Radiologic Technologist,Canning,9924771209,45,1,VOCAL
Gopa Trilochana,INDIA,Interpreter & Translator,Camping,6002314789,78,0,FOLK
Kyung-ok,KOREA,School Counselor,Rebounding,8889023176,34,1,DISCO
Kyung-sook,KOREA,Interpreter & Translator,Yoga,6578833332,67,1,ACOUSTIC
Hardeep Suksma,INDIA,Childcare worker,Gardening,9823401239,32,0,DISCO
Jayadev Mitali,INDIA,Educator,Wine Tasting,8889023176,23,0,KPOP
Vijai Sritharan,INDIA,School Teacher,Woodworking,8712334440,92,0,FOLK
Kalyanavata Veerender,INDIA,Economist,Foreign Languages,8874833920,7,0,DANCE
Naveen Tikaram,BURMA,Electrical Engineer,Embroidery,6923109933,78,0,FOLK
Su-mi,KOREA,Bookkeeping clerk,Paintball,9022314445,26,1,DISCO
Jitendra Choudhary,BURMA,Software Developer,Fishing,4487294729,12,0,EDM
Sung-mi,KOREA,Zoologist,Tattooing,8712334440,36,1,VOCAL
Beom-seok,KENYA,Physician,Sailing and Canoeing,7764937487,40,0,VOCAL
Beom-soo,SUDAN,Hairdresser,Writing,4487294729,31,0,DISCO
Sun-ok,USA,Respiratory Therapist,Fashion Design,7866548790,28,1,DISCO
Anderson Mease,YEMEN,Architect,Floral Arranging,8932954021,24,0,KPOP
Theo Kravitz,SPAIN,Art Director,Watchmaking,9924771209,58,0,FOLK
Kent Villalon,POLAND,Bus Driver,Wine Tasting,9044578832,59,0,FOLK
Dino Gowers,GERMANY,Cost Estimator,Yoga,8997435623,43,0,VOCAL
Boonsri,KOREA,Occupational Therapist,Chess,9924771209,31,1,DISCO
Kim-Jisoo,KOREA,Designer,Bodybuilding,9924771209,23,1,KPOP
Rob Gildersleeve,AUSTRALIA,Architect,Homebrewing Beer,8712334440,18,0,KPOP
Hye-young,AUSTRALIA,Architect,Currency Collecting,7798231102,45,1,VOCAL
Maximo Hailey,INDIA,Police Officer,Auto Racing,7843221097,76,0,FOLK
Marc Barahona,INDIA,Teacher,Auto Racing,6578833332,10,0,EDM
Benedict Eisenmenger,YEMEN,Food Scientist,Classic Car Restoration,8712334440,21,0,KPOP
Ji-eun,JAPAN,Respiratory Therapist,Martial Arts,9823401239,102,1,ACOUSTIC
Byung-chul,SUDAN,Event Planner,Golfing,9823401239,43,0,VOCAL
Hye-won,SOUTH AFRICA,Hairdresser,Wine Tasting,9084567398,87,1,ACOUSTIC
Il-sung,KOREA,Insurance Agent,Blogging,8712334440,23,0,KPOP
In-sik,KOREA,Budget analyst,Mosaic Art,6578833332,12,0,EDM
Ki-ha,INDIA,Registered Nurse,Wine Tasting,7798231102,65,0,FOLK
Ki-jung,INDIA,Economist,Whittling,7843221097,87,0,FOLK
Hyun-wook,INDIA,Cashier,Playing An Instrument,4487294729,34,0,DISCO
Chan-young,USA,Representative,Poker and Cards,6738872876,65,0,FOLK
Chantara,JAPAN,Painter,Skiing ,8889023176,43,1,VOCAL
Preeda,KOREA,Historian,Martial Arts,8712334440,22,1,KPOP
Hyung-joon,USA,Writer,Rock collecting,9823401239,23,0,KPOP
Hyung-min,USA,Paramedic,Wine Tasting,8712334440,12,0,EDM
Hyo-joo,JAPAN,Economist,Playing Tennis,9983342555,34,1,DISCO
Chang-ho,KOREA,Dental Hygienist,Snorkeling,9002314567,45,0,VOCAL
Chang-hoon,KOREA,Insurance Agent,Sculpting Stone,7634219382,87,0,FOLK
Chang-nam,KOREA,Janitor,Homebrewing Beer,7843221097,56,0,FOLK
Kulap,CHINA,Editor,Sailing,8932954021,16,1,EDM
Chang-woo,KOREA,Farmer,Currency Collecting,4487294729,34,0,DISCO
Cheol-min,KOREA,Microbiologist,Bodybuilding,8932954021,98,0,FOLK
Jae-joon,THAILAND,Fitness Worker,Fantasy Sports,8889023176,34,0,DISCO
Da-hye,JAPAN,Abuse Counselor,Skiing ,6578833332,32,1,DISCO
Jae-joong,THAILAND,Cashier,Cigar Enthusiast,7798231102,23,0,KPOP
Jae-kuk,THAILAND,School Counselor,Classic Car Restoration,8712334440,89,0,FOLK
Da-rae,AUSTRALIA,Farmer,Puzzles,8897342178,54,1,ACOUSTIC
Jae-seop,THAILAND,Psychologist,Homebrewing Beer,6923109933,56,0,FOLK
Jae-suk,USA,Logistician,Dancing,7843221097,34,0,DISCO
Jae-sung,KOREA,Coach,Paintball,4487294729,23,0,KPOP
Ji-hye,INDIA,Market Analyst,Cooking and Grilling,4487294729,45,1,VOCAL
Moon-sik,JAPAN,Truck Driver,Drawing and Painting,7752888911,98,0,FOLK
Moon-soo,JAPAN,Microbiologist,Whittling,8932954021,45,0,VOCAL
Mu-yeol,JAPAN,Psychologist,Wine Tasting,8889023176,33,0,DISCO
Kim-Jennie,INDIA,HR Specialist,Fantasy Sports,7863425890,22,1,KPOP
Ji-yeon,VIETNUM,Librarian,Homebrewing Beer,7798231102,12,1,EDM
Myung-bak,JAPAN,Fitness Worker,Foreign Languages,7843221097,89,0,FOLK
Myung-hoon,SOUTH AFRICA,Childcare worker,Thrifting,8712334440,12,0,EDM
Gaitha al-Azzam,SAUDI ARABIA,Writer,Embroidery,8932954021,67,1,ACOUSTIC
Safwa al-Saba,SAUDI ARABIA,Physicist,Traditional Sports,8712334440,89,1,ACOUSTIC
Hae-seong,JAPAN,Mechanical Engineer,Origami,9924771209,45,0,VOCAL
Han-bin,SOUTH AFRICA,Economist,Reading,7634219382,33,0,DISCO
Han-jae,JAPAN,Computer Engineer,Rock collecting,9082231465,22,0,KPOP
Buppha,THAILAND,Middle School Teacher,Scotch Tasting,8712334440,12,1,EDM
Malee,CHINA,Environmental scientist,Dancing,9022314445,36,1,VOCAL
Sang-hoon,JAPAN,Chemist,Genealogy,7778936251,18,0,KPOP
Sang-hyun,KOREA,Janitor,Golfing,8889023176,30,0,DISCO
Sang-jun,KOREA,Mason,Cooking and Grilling,8712334440,34,0,DISCO
Sang-won,SOUTH AFRICA,Educator,Darts,7634219382,23,0,KPOP
Aatika al-Rahim,IRAQ,Customer Representative,Biking,7798231102,43,1,VOCAL
Hanoona el-Yassin,IRAQ,Logistician,Skateboarding ,7843221097,23,1,KPOP
Jumaana al-Mohammed,PAKISTAN,Anthropologist,Skateboarding ,6578833332,12,1,EDM
Hilaal al-Arshad,IRAQ,Security Guard,Model Crafting,7843221097,23,0,KPOP
Muneef al-Taha,INDIA,Educator,Calligraphy,8978453423,12,0,EDM
Noori el-Mady,IRAQ,Landscape Architect,Lockpicking,8712334440,98,0,FOLK
Mukarram el-Azad,IRAQ,Pharmacist,Interior design,9823401239,10,0,EDM
Mansoor al-Vaziri,IRAN,Civil Engineer,Thrifting,7843221097,31,0,DISCO
Anong,THAILAND,Mason,Embroidery,9823401239,34,1,DISCO
Achara,THAILAND,Executive Assistant,Re-Selling,6923109933,44,1,VOCAL
Nawfal al-Elbaz,IRAN,Executive Assistant,Floral Arranging,7778936251,41,0,VOCAL
Subhi el-Jalil,PAKISTAN,Psychologist,Knife Making,9022314445,76,0,FOLK
Abdul Hakeem al-Mahmoud,IRAN,Landscape Architect,Fashion Design,7798231102,55,0,FOLK
Amaan el-Farman,TURKEY,Event Planner,Rock Sports,7843221097,44,0,VOCAL
Ihaab al-Momin,TURKEY,Representative,Wine Tasting,9924771209,23,0,KPOP
Zakiyya al-Galla,PAKISTAN,Photographer,Photography,9823401239,56,1,ACOUSTIC
Majeeda al-Kabir,AFGHANISTAN,Recreational Therapist,Volunteering,4365789076,34,1,DISCO
ChanchaiSkilled,SPAIN,Educator,Guitar,9823401239,15,0,EDM
ChaowQuick,FRANCE,Urban Planner,Lockpicking,6923109933,42,0,VOCAL
ChatiLife,SPAIN,Referee,Movie Watching,8889023176,14,0,EDM
DangRed,THAILAND,Mason,Pottery,7634219382,96,0,FOLK
Anong,THAILAND,Mason,Embroidery,9823401239,34,1,DISCO
Achara,THAILAND,Executive Assistant,Re-Selling,6923109933,44,1,VOCAL
Huang Shi-yu,BANGLADESH,Truck Driver,Boxing,7843221097,23,0,KPOP
I Kuang-an,CHINA,Statistician,Guitar,6578833332,67,0,FOLK
Jianbua Gui-fei,CHINA,Computer Specialist,Woodworking,7634219382,78,0,FOLK
Jiao Wing-tat,AUSTRALIA,Computer Specialist,Fencing,6923109933,56,0,FOLK
Farhaana el-Rayes,AFGHANISTAN,Plumber,Writing,8712334440,12,1,EDM
Maleeka al-Jamil,INDIA,Web Developer,Gardening,8932954021,33,1,DISCO
Aqeela al-Malik,INDIA,Referee,Flying,7778936251,45,1,VOCAL
Ban Hsien-feng,SAUDI ARABIA,Human Assistant,Movie Watching,6923109933,23,0,KPOP
Bao Mei-shio,VIETNAM,Environmental scientist,Learning A Language,7843221097,25,0,DISCO
Bi Tia,VIETNAM,High School Teacher,Wet Shaving,8932954021,46,0,VOCAL
Fang Shan-tang,VIETNAM,Preschool Teacher,Darts,7778936251,25,0,DISCO
Fen Zhon-xian,BANGLADESH,Registered Nurse,Camping,9823401239,34,0,DISCO
Wan Zhenya,CHINA,Respiratory Therapist,Biking,8932954021,23,1,KPOP
Dong Delan,CHINA,Respiratory Therapist,Boxing,6923109933,12,1,EDM
Joo Ka-fei,AUSTRALIA,Photographer,Coding,7798231102,98,0,FOLK
Lai Xiao-gang,MALAYSIA,Actuary,Genealogy,6577438890,12,0,EDM
Peng Zhen-bang,MALAYSIA,Childcare worker,Dancing,8932954021,34,0,DISCO
Mo Yun,CHINA,Representative,Playing Tennis,7843221097,77,1,FOLK
Shen Jian-ying,INDONASIA,Mathematician,Bodybuilding,7778936251,92,0,FOLK
Thean Shao-zu,INDONASIA,Budget analyst,Electronic Models,6578833332,9,0,EDM
Xiang Na,KOREA,Medical Assistant,Calligraphy,4487294729,21,1,KPOP
Feng Yating,AUSTRALIA,Plumber,Jewelry Making,9987654098,23,1,KPOP
Wang Chia-ch'ing,US,Designer,Yoga,9823401239,34,0,DISCO
Wu Kwang-chih,US,Software Developer,Knitting,9924771209,43,0,VOCAL
Xia Yang-cheng,UK,Relations Specialist,Metalworking,8932954021,66,0,FOLK
Yue Lian-wei,FRANCE,Secretary,Yoga,8988765438,22,0,KPOP
Xiang Na,KOREA,Medical Assistant,Calligraphy,4487294729,21,1,KPOP
Feng Yating,AUSTRALIA,Plumber,Jewelry Making,9987654098,23,1,KPOP
Yuen Ju-wei,CHINA,Accountant,Survival,7798231102,25,0,DISCO
Buddha Bhutia,NEPAL,Medical Secretary,Calligraphy,8712334440,24,0,KPOP
Lakshman Bhattachan,NEPAL,Medical Sonographer,Fishing,9823401239,53,0,FOLK
Pradeep Jirel,MONGOLIA,Police Officer,Acting,4487294729,55,0,FOLK
Pan Bi,POLAND,Landscaper,Billiards,8932954021,27,1,DISCO
Resham Dangi,MONGOLIA,Receptionist,Snorkeling,6578833332,90,0,FOLK
Luo Mei,NEW ZEALAND,Groundskeeper,Camping,7778936251,26,1,DISCO
Govinda Sinkhada,MONGOLIA,Physician,Birdwatching,4487294729,86,0,ACOUSTIC
Jiang Shi,CHINA,Software Developer,Rebuilding cycles,4487294729,31,1,DISCO
Aadi Bohara,NEPAL,Art Director,Yoga,8932954021,70,0,FOLK
Zi Wu,THAILAND,Lawyer,Snorkeling,9022314445,21,1,KPOP
Jayadev Poudyal,NEPAL,Teacher Assistant,Bowling,5563782763,32,0,DISCO
Dhananjay Kharel,VIETNAM,Mason,Rebounding,7843221097,25,0,DISCO
Cui Zheng,INDIA,Veterinarian,Digital Design,7798231102,94,1,ACOUSTIC
Xia Xing-hua,UK,Financial Advisor,Rock Sports,7843221097,53,0,FOLK
Menuka Yonjan,RUSSIA,Janitor,Bodybuilding,6923109933,34,1,DISCO
Pratima Wagle,RUSSIA,Recreational Therapist,Model Crafting,7866518723,32,1,DISCO
Jiwan Pangeni,INDIA,Designer,Cycling Biking,4487294729,31,0,DISCO
Ramesh Dhewajoo,UK,Clinical Technician,Fantasy Sports,6578833332,77,0,FOLK
Luna Devi,RUSSIA,Security Guard,Fantasy Sports,7778936251,36,1,VOCAL
Donnell Gillen,CANADA,Statistician,Acting,9823401239,23,0,KPOP
Roderick Hurlbut,MEXICO,Dancer,Electronic Models,7634219382,25,0,DISCO
Adalberto Rydberg,MEXICO,Construction Manager,Skiing ,9924771209,26,0,DISCO
Hugo Coaxum,MEXICO,Environmental scientist,Flying,6923109933,29,0,DISCO
Nisha Magar,NEPAL,Financial Advisor,Embroidery,8932954021,29,1,DISCO
Damini Khatri,BURMA,Mechanical Engineer,Rock Collecting,7843221097,66,1,ACOUSTIC
Daryl Jovel,ARGENTINA,Web Developer,Bowling,6923109933,43,0,VOCAL
Ronny Bottomley,CHILE,Firefighter,Painting and Drawing,7798231102,18,0,KPOP
Dipshika Ghale,INDIA,Actuary,Quilting,4487294729,56,1,ACOUSTIC
Dong Gendron,CHILE,Environmental scientist,Woodworking,6678453298,90,0,FOLK
Rueben Mroz,VENEZUELA,Repair Worker,Meditation and Yoga,9924771209,76,0,FOLK
Todd Eskridge,SAUDI ARABIA,Accountant,Traditional Sports,9022314445,56,0,FOLK
Dana Beasley,SAUDI ARABIA,Dancer,Organizing,7784339002,34,0,DISCO
Pratima Khatri,CHINA,Electrician,Rebounding,7634219382,20,1,KPOP
Silas Hodgkins,SPAIN,Budget analyst,Biking,7634219382,34,0,DISCO
Geoffrey Irving,FRANCE,Cashier,Reading,6578833332,75,0,FOLK
Alvin Roessler,INDIA,Chef,Knitting,9823401239,75,0,FOLK
Aditi Musunur,INDIA,College Professor,Knife Making,6923109933,34,0,DISCO
Advitiya Sujeet,INDIA,Designer,Gardening,8889023176,65,0,FOLK
Nira Bastakoti,INDIA,Mechanical Engineer,Traditional Sports,7798231102,19,1,KPOP
Sujata Dawadi,NEPAL,College Professor,Darts,8712334440,42,1,VOCAL
Boyd Morehouse,BRAZIL,Dancer,Internet Marketing,7798231102,21,0,KPOP
Kasey Auman,BRAZIL,Research Analyst,Scotch Tasting,9823401239,25,0,DISCO
Preston Yancy,BRAZIL,Accountant,Chess,7634219382,26,0,DISCO
Bandita Basnet,NEPAL,Administrator,Organizing,8932954021,18,1,KPOP
Alagesan Poduri,SOUTH AFRICA,Relations Specialist,Poker and Cards,7748839208,88,0,FOLK
Amrish Ilyas,INDIA,Elementary  Teacher,Knife Making,7798231102,32,0,DISCO
Aprativirya Seshan,INDIA,Repair Worker,Origami,9823401239,64,0,FOLK
Sukriti Veswakar,BURMA,Mathematician,Woodworking,6578833332,27,1,DISCO
Chuck Hinkley,ARGENTINA,Musician,Fencing,8889023176,12,0,EDM
ChakriiKing,FRANCE,Chemist,Bodybuilding,8712334440,23,0,KPOP
Anjela Kandel,MALAYSIA,Automotive mechanic,Flying,9022314445,17,1,EDM
Asvathama Ponnada,INDIA,Economist,Woodworking,7892314973,27,0,DISCO
Avantas Ghosal,SRI LANKA,Professional athlete,Fashion Design,6002314789,8,0,EDM
Avidosa Vaisakhi,SRI LANKA,Electrical Engineer,Fashion Design,7634219382,65,0,FOLK
Barsati Sandipa,SRI LANKA,Budget analyst,Meditation and Yoga,8087435924,35,0,VOCAL
Claude Hirsh,AUSTRALIA,Groundskeeper,Genealogy,6578833332,56,0,FOLK
Angel Rogers,WALLIS AND FUTUNA,Economist,Chess,1751193064,15,1,EDM
Nyasia Beard,PARAGUAY,Statistician,Acting,3000811749,30,1,DISCO
Celia Weeks,TONGA,Dancer,Electronic Models,3282389207,24,1,KPOP
Aspen Medina,VANUATU,Construction Manager,Skiing ,8196325355,14,1,EDM
Moses Mcmillan,TANZANIA,Environmental scientist,Flying,8783557568,40,0,VOCAL
Kellen Guerra,MOLDOVA,Research Analyst,Jewelry Making,4941823475,17,0,EDM
Brenda Sims,SUDAN,Bus Driver,Fantasy Sports,2980250969,16,1,EDM
Crystal Kramer,PUERTO RICO,Paralegal,Chess,1539200428,18,1,KPOP
Chad Stephenson,NIGER,Database administrator,Puzzles,4641784648,18,0,KPOP
Ashley Beasley,GUERNSEY,Bus Driver,Watchmaking,3871357693,19,1,KPOP
Moriah Clayton,UGANDA,Dancer,Internet Marketing,3499645923,30,1,DISCO
Phoebe Osborne,SAINT MARTIN,Research Analyst,Scotch Tasting,2593844275,60,0,FOLK
Stella Sims,ERITREA,Accountant,Chess,5796445588,30,1,DISCO
Ann Francis,SOLOMON ISLANDS,Lawyer,Archery,1832822188,16,1,EDM
Willie Summers,ZIMBABWE,Veterinarian,Music Producing,7182076501,15,0,EDM
Jaqueline Young,UNITED STATES,Desktop publisher,Boxing,5065373135,40,1,VOCAL
Aliana Cortez,GUADELOUPE,Real Estate Agent,Magic,9162554107,25,1,DISCO
Aimee Mcconnell,SAINT KITTS AND NEVIS,Paralegal,Fantasy Sports,3913320232,19,1,KPOP
Finley Pugh,KUWAIT,Food Scientist,Fishing,9148389797,29,0,DISCO
Noelle West,SEYCHELLES,Judge,Rock collecting,2087564131,31,0,DISCO
Teagan Livingston,EL SALVADOR,Educator,Photography,1269836537,30,0,DISCO
Maria Marquez,AUSTRALIA,Musician,Fencing,9265852839,48,1,VOCAL
Fernando Frost,GUATEMALA,Groundskeeper,Genealogy,7771522135,16,0,EDM
Lee Arnold,VIRGIN ISLANDS (BRITISH),Web Developer,Bowling,6509933425,20,0,KPOP
Isabel Mendoza,MONGOLIA,Firefighter,Painting and Drawing,5819471417,30,1,DISCO
Nancy Douglas,TOKELAU,Environmental scientist,Woodworking,9035270658,49,1,VOCAL
Amiya Golden,CHILE,Repair Worker,Meditation and Yoga,4504247108,14,1,EDM
Talia Mack,LESOTHO,Accountant,Traditional Sports,1707842982,21,1,KPOP
Brayan Bartlett,NEW CALEDONIA,Dancer,Organizing,1791634478,22,0,KPOP
Terrence Barr,BHUTAN,Architect,Homebrewing Beer,8912275940,17,0,EDM
Ignacio Love,DENMARK,Police Officer,Auto Racing,2666357019,24,0,KPOP
Abigayle Collier,MARSHALL ISLANDS,Teacher,Auto Racing,5227868050,15,0,EDM
Sylvia Calderon,PAPUA NEW GUINEA,Food Scientist,Classic Car Restoration,3205428621,32,0,DISCO
Cheyanne Joseph,ANTIGUA AND BARBUDA,Architect,Floral Arranging,3610418083,25,0,DISCO
Cindy Wood,SINGAPORE,Art Director,Watchmaking,7914592849,17,1,EDM
Isla Ferguson,BELARUS,Bus Driver,Wine Tasting,5300855562,54,1,ACOUSTIC
Sandra Holden,TOGO,Cost Estimator,Yoga,9702696277,18,1,KPOP
Jaylyn Flynn,NAURU,Executive Assistant,Chess,4009843918,32,0,DISCO
Fernanda Gray,IVORY COAST,Auto Mechanic,Investing,9327685974,40,1,VOCAL
Alison Eaton,MONTENEGRO,Repair Worker,Knitting,3891995311,19,1,KPOP
Annabelle Rosales,TAIWAN,Lawyer,Drawing,9530108254,26,1,DISCO
Arthur Skinner,MALAYSIA,Photographer,Calligraphy,1064550899,23,1,KPOP
Finley Owens,CROATIA,Automotive mechanic,Coaching,8943400359,20,1,KPOP
Rosemary Mcdowell,PALESTINE,Executive Assistant,Fishing,7441774036,42,1,ACOUSTIC
Jay Mejia,SPAIN,Fitness Trainer,Origami,8392618765,51,1,ACOUSTIC
Conner Dunlap,UNITED ARAB EMIRATES,Dentist,Flying,5745042722,24,0,KPOP
Charles Reeves,CHINA,Bus Driver,Gold Panning,3003026275,21,0,KPOP
Preston Tapia,ICELAND,Budget analyst,Biking,9914352955,13,0,EDM
Riley Mcknight,ANGOLA,Cashier,Reading,1485131044,18,0,KPOP
Tyree Ferguson,GEORGIA,Musician,Whittling,7087887854,27,0,DISCO
Jase Francis,BOTSWANA,Childcare worker,Golfing,5164090445,19,0,KPOP
Giovanny Cherry,ENGLAND,Chef,Knitting,3203418706,36,0,VOCAL
Leo Curtis,NIGERIA,College Professor,Knife Making,9047677105,19,0,KPOP
Makai Melton,SINT MAARTEN,Designer,Gardening,3969922241,62,0,FOLK
Anahi Rios,THE GAMBIA,Relations Specialist,Poker and Cards,1087198474,59,0,FOLK
Grady Dawson,CUBA,Elementary  Teacher,Knife Making,1329887461,46,0,VOCAL
Samson Humphrey,MOROCCO,Repair Worker,Origami,6213839683,70,0,FOLK
Barrett Barker,NORFOLK ISLAND,Economist,Woodworking,9696064127,39,0,VOCAL
Larry Chapman,LIBYA,Professional athlete,Fashion Design,1041688307,18,0,KPOP
Damian Villegas,COLOMBIA,Electrical Engineer,Fashion Design,9230576213,24,0,KPOP
Scarlett Keller,NORTH KOREA,Budget analyst,Meditation and Yoga,5343675468,15,1,EDM
Esperanza Levy,BAHRAIN,Logistician,Snorkeling,1024927148,25,1,DISCO
Juliana Perez,SAUDI ARABIA,Financial Advisor,Painting and Drawing,6471286778,27,1,DISCO
Jared Wilkinson,SAINT LUCIA,Court Reporter,Organizing,1815725020,14,0,EDM
Felicity Blake,CHINA,Pathologist,Dancing,2432145593,29,0,DISCO
Rebecca Lane,BENIN,Interpreter & Translator,Camping,4554003982,16,1,EDM
Brenda White,BARBADOS,Childcare worker,Gardening,5434786570,29,0,DISCO
Lilyana Howard,ECUADOR,Educator,Wine Tasting,4074351757,13,1,EDM
Amanda Flores,YEMEN,Software Developer,Fishing,9402819516,20,0,KPOP
Landon Crosby,AZERBAIJAN,Economist,Foreign Languages,1222265891,34,1,DISCO
Scarlet Griffin,ALGERIA,Electrical Engineer,Embroidery,9752563473,60,1,ACOUSTIC
Jovani Valencia,FRENCH POLYNESIA,School Teacher,Woodworking,2197088509,38,1,VOCAL
Tess Frey,COMOROS,Singer,Snorkeling,7921986292,3,0,DANCE
Davin Woodward,SERBIA,Social Worker,Volunteering,6050528103,26,0,DISCO
Serena Porter,CAPE VERDE,Sports Coach,Bowling,1105223757,23,1,KPOP
Leila Clay,PHILIPPINES,Drafter,Poker and Cards,5584739663,28,1,DISCO
Romeo Fischer,LEBANON,Patrol Officer,Survival,6487889072,20,0,KPOP
Michaela Michael,INDIA,Statistician,Wet Shaving,5839580068,15,1,EDM
Oswaldo Fox,THAILAND,Mathematician,Camping,6172163095,20,0,KPOP
Isai Hanna,BURUNDI,Logistician,Genealogy,6671690238,19,0,KPOP
Bianca Schroeder,RUSSIA,Economist,Interior design,1735614067,49,0,VOCAL
Bryan Khan,ANDORRA,Laboratory Technician,Biking,8720126450,26,0,DISCO
Micah Bishop,CYPRUS,Housekeeper,Darts,9653352249,29,0,DISCO
Kareem Gregory,ISRAEL,Editor,Geocaching,8696431447,24,1,KPOP
Mylie Mcintosh,CAMBODIA,Personal Care Aide,Knife Making,2018931939,51,0,FOLK
Mylee Flynn,SAINT HELENA,Interpreter & Translator,Cooking and Grilling,5615732973,23,0,KPOP
Lila Goodman,SAMOA,Teacher Assistant,Sailing and Canoeing,2081091896,21,1,KPOP
Darian Keller,ZAMBIA,Construction Manager,Pottery,2261459826,21,0,KPOP
Peyton Mckay,SOUTH KOREA,Systems Analyst,Meditation,7048714293,24,0,KPOP
Jaelyn Sims,INDIA,School Counselor,Collecting,4699555686,21,0,KPOP
Demarion Ware,BERMUDA,Social Worker,Foreign Languages,5205134225,34,0,DISCO
Brylee Huerta,OMAN,Professional athlete,Painting and Drawing,4307098542,28,0,DISCO
River Luna,ROMANIA,Artist,Fantasy Sports,3084267425,26,1,DISCO
Conrad Cook,NEW ZEALAND,Court Reporter,Playing Tennis,3021289814,23,0,KPOP
Makayla Chase,BANGLADESH,Chef,Dancing,7465515221,21,0,KPOP
Talon Marshall,MONACO,Cost Estimator,Photography,4376374728,30,0,DISCO
Santino Pollard,BOLIVIA,Epidemiologist,Bowling,5703196992,22,0,KPOP
Jermaine Reeves,GERMANY,Architect,Puzzles,8099025036,24,0,KPOP
Alejandro Moran,WALES,Radiologic Technologist,Canning,3647619168,23,0,KPOP
Kendal Burgess,NEW CALEDONIA,School Counselor,Rebounding,9851262373,52,1,ACOUSTIC
Sierra Rasmussen,TAJIKISTAN,Interpreter & Translator,Yoga,2248429656,28,1,DISCO
Dixie Weeks,MACAU,Bookkeeping clerk,Paintball,5600815513,27,0,DISCO
Jaylynn Fitzpatrick,CHRISTMAS ISLAND,Respiratory Therapist,Fashion Design,1643769595,24,1,KPOP
Travis Adkins,NEPAL,Zoologist,Tattooing,3796878557,52,0,FOLK
Willow Krause,GREENLAND,Epidemiologist,Archery,3434965720,29,0,DISCO
Annabella Willis,DENMARK,Mechanical Engineer,Jewelry Making,8768329262,52,1,ACOUSTIC
Kamora Knight,KUWAIT,Designer,Bodybuilding,5862705660,22,0,KPOP
Reginald Berry,NEPAL,Database administrator,Astronomy,7049556793,23,1,KPOP
Clara Pace,BELIZE,Medical Sonographer,Wine Tasting,7931556979,26,0,DISCO
Arthur Cordova,GUATEMALA,High School Teacher,Embroidery,6757034971,56,1,ACOUSTIC
Zariah Decker,WALLIS AND FUTUNA,Microbiologist,Paintball,4067883078,19,0,KPOP
Aaliyah Peterson,SOUTH GEORGIA,Childcare worker,Fashion Design,6539164328,46,1,VOCAL
Dayton Rose,REPUBLIC OF IRELAND,Hairdresser,Wine Tasting,4088348616,49,1,VOCAL
Tristan Trujillo,COLOMBIA,Architect,Currency Collecting,3056323040,21,1,KPOP
Arnav Montes,ITALY,Economist,Playing Tennis,7359404740,20,1,KPOP
Addison Mclaughlin,CHINA,Abuse Counselor,Skiing ,6285457787,86,0,FOLK
Katie Mitchell,SOLOMON ISLANDS,Farmer,Puzzles,3439796682,23,1,KPOP
Larry Robertson,LUXEMBOURG,Respiratory Therapist,Martial Arts,5847045724,27,1,DISCO
Katelyn Juarez,KAZAKHSTAN,Market Analyst,Cooking and Grilling,4360423016,26,1,DISCO
Kaylee Simpson,EL SALVADOR,HR Specialist,Fantasy Sports,4972702320,23,1,KPOP
Krista Shepard,INDIA,Librarian,Homebrewing Beer,7339426748,21,1,KPOP
Mark Cantrell,DOMINICA,Bookkeeping clerk,Snorkeling,2346068133,21,0,KPOP
Gilberto Donaldson,GHANA,Occupational Therapist,Leatherworking,6079837132,23,0,KPOP
Alexia Glenn,SOUTH SUDAN,Physician,Sailing and Canoeing,1593162305,36,1,VOCAL
Lane Mcneil,TOGO,Hairdresser,Writing,7624848591,26,1,DISCO
Makaila Cooper,FRENCH POLYNESIA,Event Planner,Golfing,6647074098,22,0,KPOP
Justice Watts,PANAMA,Insurance Agent,Blogging,8543313998,28,0,DISCO
Kira Gross,ROMANIA,Budget analyst,Mosaic Art,8573475387,24,0,KPOP
Clara Mcdonald,PERU,Registered Nurse,Wine Tasting,2684090818,12,1,EDM
Harley Day,REPUBLIC OF KOSOVO,Economist,Whittling,4490566494,59,0,FOLK
Ivy Murray,ESTONIA,Cashier,Playing An Instrument,6522266639,44,1,VOCAL
Jaslyn Werner,BONAIRE,Writer,Rock collecting,2149043545,62,0,FOLK
Daniela Vincent,MONACO,Paramedic,Wine Tasting,3894143711,22,0,KPOP
Christian Boyer,HUNGARY,Representative,Poker and Cards,5894546469,24,0,KPOP
Jaelyn Garrison,MALAYSIA,Dental Hygienist,Snorkeling,1330840057,20,0,KPOP
Brielle Bean,PORTUGAL,Insurance Agent,Sculpting Stone,2459326277,29,0,DISCO
Ana Wilson,MARSHALL ISLANDS,Janitor,Homebrewing Beer,5872012299,10,1,EDM
Kaiden Lawrence,FIJI,Farmer,Currency Collecting,3875655861,25,1,DISCO
Paris Howard,JAMAICA,Microbiologist,Bodybuilding,8785606476,56,0,FOLK
Jamison Mcdaniel,HAITI,Fitness Worker,Fantasy Sports,8123280255,30,1,DISCO
Kelly Foley,MALDIVES,Cashier,Cigar Enthusiast,7962667239,30,1,DISCO
Ashlynn Houston,TURKMENISTAN,School Counselor,Classic Car Restoration,1069189062,34,0,DISCO
Yusuf Fry,UNITED STATES,Psychologist,Homebrewing Beer,8049360326,20,0,KPOP
Harper Morse,NIGER,Logistician,Dancing,8958588372,56,0,FOLK
Kason Allen,SLOVENIA,Coach,Paintball,3416607583,18,1,KPOP
Ismael Flynn,TUNISIA,Truck Driver,Drawing and Painting,5363660549,24,1,EDM
Amir Cowan,GUINEA-BISSAU,Microbiologist,Whittling,8111530337,23,0,KPOP
Sidney Kirk,IRAN,Psychologist,Wine Tasting,8964676863,26,1,DISCO
Maya Ward,CURACAO,Fitness Worker,Foreign Languages,9525763050,29,1,DISCO
Danielle Booth,TONGA,Childcare worker,Thrifting,8443512419,40,0,VOCAL
Adriel Kane,SENEGAL,Mechanical Engineer,Origami,3324295700,16,0,EDM
Carmelo Campos,ARUBA,Economist,Reading,1938071386,23,0,KPOP
Mackenzie Case,RWANDA,Computer Engineer,Rock collecting,3351375149,32,0,DISCO
Ariana Moses,THE GAMBIA,Chemist,Genealogy,1297673458,46,1,VOCAL
Jasmin Bullock,REUNION,Janitor,Golfing,7618839336,46,0,VOCAL
Declan Weiss,MAURITIUS,Mason,Cooking and Grilling,7849450270,28,0,DISCO
Dustin Osborne,BELGIUM,Educator,Darts,4080352795,33,0,DISCO
Nina Velez,DJIBOUTI,Landscape Architect,Jewelry Making,2385140188,20,1,KPOP
Talia Tate,SYRIA,Childcare worker,Foreign Languages,3406814367,19,1,DANCE
Chelsea Simon,SERBIA,Security Guard,Model Crafting,2512948652,24,1,KPOP
Lillianna Velez,PUERTO RICO,Educator,Calligraphy,7389501375,31,1,DISCO
Joey Sloan,BRUNEI,Landscape Architect,Lockpicking,3855278781,10,0,EDM
Josiah Stanton,CAMBODIA,Pharmacist,Interior design,6039232738,17,0,DISCO
Selena Mccarthy,FRENCH GUIANA,Civil Engineer,Thrifting,1186848501,15,1,EDM
Antony Thomas,NORTH KOREA,Executive Assistant,Floral Arranging,5063783793,54,0,FOLK
Jovan Mosley,LAOS,Psychologist,Knife Making,9920866330,24,0,KPOP
Kiera Clements,ZAMBIA,Landscape Architect,Fashion Design,5559029587,16,1,EDM
Elliana Cuevas,SUDAN,Event Planner,Rock Sports,3592697647,27,1,DISCO
Aidyn Fuentes,MONTENEGRO,Representative,Wine Tasting,1049124976,18,0,KPOP
Darion Hubbard,NIUE,Chef,Bowling,4486058175,16,0,EDM
Jaydon Lowery,UNITED KINGDOM,Medical Sonographer,Rebounding,2414341787,19,0,KPOP
Kenyon Phelps,PARAGUAY,Writer,Embroidery,5713844021,17,1,EDM
Marlie Santiago,FALKLAND ISLANDS,Physicist,Traditional Sports,3466362050,29,1,DISCO
Shaniya Cline,TAIWAN,Customer Representative,Biking,2748295791,18,1,KPOP
Aaden Barnett,THE BAHAMAS,Logistician,Skateboarding ,5875415903,19,0,KPOP
Nathanial Bishop,AZERBAIJAN,Anthropologist,Skateboarding ,2005806482,21,0,KPOP
Bruno Dean,ETHIOPIA,Photographer,Photography,4458282196,26,0,DISCO
Skyla Robinson,UKRAINE,Recreational Therapist,Volunteering,1381954903,60,0,FOLK
Declan Monroe,NICARAGUA,Plumber,Writing,5101170541,29,0,DISCO
Kymani Santana,LATVIA,Web Developer,Gardening,3679493604,15,1,EDM
Brian Wise,PALESTINE,Referee,Flying,1368803662,32,0,VOCAL
Cailyn Carroll,SIERRA LEONE,Groundskeeper,Pottery,3631511973,25,1,DISCO
Justice Terrell,GUYANA,Receptionist,Meditation and Yoga,3695149105,29,0,DISCO
Jaylee Glover,BAHRAIN,Human Assistant,Movie Watching,6296773665,21,0,KPOP
Kirsten Buchanan,CHILE,Environmental scientist,Learning A Language,7976499298,20,1,KPOP
Slade Greene,NORWAY,High School Teacher,Wet Shaving,6748487251,47,1,VOCAL
Karina Stein,NORTHERN IRELAND,Preschool Teacher,Darts,3374865654,26,1,DISCO
Alessandra Hickman,NEPAL,Registered Nurse,Camping,8194518149,25,0,DISCO
Jaylyn Burns,TRINIDAD AND TOBAGO,Truck Driver,Boxing,3063543479,28,0,DISCO
Chaz Chan,SCOTLAND,Statistician,Guitar,7094402303,26,0,DISCO
Theodore Huynh,AFGHANISTAN,Computer Specialist,Woodworking,1323050714,26,0,DISCO
Emmy Ray,GEORGIA,Computer Specialist,Fencing,8368087321,25,1,DISCO
Hayden Swanson,FRANCE,Photographer,Coding,2020594750,23,0,KPOP
Terry Mcdonald,ALAND ISLANDS,Actuary,Genealogy,9659108219,29,0,DISCO
Gillian Cordova,SAINT HELENA,Childcare worker,Dancing,1482334947,13,0,EDM
Bethany Montes,INDIA,Mathematician,Bodybuilding,9855415187,39,1,VOCAL
Tucker Bolton,SAINT BARTHELEMY,Budget analyst,Electronic Models,6880561745,29,0,DISCO
Iliana Blackwell,VANUATU,Designer,Yoga,7600473860,14,1,EDM
Ciara Weiss,CHINA,Software Developer,Knitting,5740372462,26,0,DISCO
Itzel Rosales,SOLOMON ISLANDS,Financial Advisor,Rock Sports,5729056369,27,1,DISCO
Samara Grimes,LEBANON,Relations Specialist,Metalworking,9712643485,29,1,DISCO
Joshua Bray,SAMOA,Secretary,Yoga,8078058409,24,0,KPOP
Mohamed Pennington,PITCAIRN ISLANDS,Accountant,Survival,6975823169,28,0,DISCO
Gordon Ayala,GIBRALTAR,Artist,Guitar,6932677823,55,0,FOLK
Hailey Nelson,JAMAICA,Desktop publisher,Darts,5313396012,19,1,KPOP
Rosa Madden,SUDAN,Respiratory Therapist,Biking,1458314174,27,1,DISCO
Elaina Travis,CANADA,Respiratory Therapist,Boxing,1577684531,16,1,EDM
Amy Hamilton,HUNGARY,Representative,Playing Tennis,8878681990,26,1,DISCO
Gideon Cantu,THE BAHAMAS,Medical Assistant,Calligraphy,4315640050,64,1,ACOUSTIC
Angie Martin,NICARAGUA,Plumber,Jewelry Making,3986870366,25,1,DISCO
Marie Mercer,KIRIBATI,Groundskeeper,Camping,1411571020,30,1,DISCO
Peter Crawford,GUINEA-BISSAU,Landscaper,Billiards,2933541908,31,0,DISCO
Davis Lewis,NEPAL,Software Developer,Rebuilding cycles,5138007291,26,0,EDM
Malakai Berry,WALES,Veterinarian,Digital Design,5831119543,30,1,DISCO
Sofia Alvarado,PALESTINE,Lawyer,Snorkeling,3903734933,48,1,VOCAL
Anabelle Ward,BURKINA FASO,Representative,Calligraphy,6530040170,28,1,DISCO
Mauricio Brewer,CHINA,Dancer,Skateboarding ,1932742240,29,0,DISCO
Elisabeth Potter,ERITREA,Medical Secretary,Calligraphy,1421397993,21,1,KPOP
Lawson Mccarty,MOLDOVA,Medical Sonographer,Fishing,5910492118,28,0,DISCO
Nathanial Branch,ANTIGUA AND BARBUDA,Police Officer,Acting,5044796885,19,0,KPOP
Johnathan Key,ALAND ISLANDS,Receptionist,Snorkeling,6518940427,23,0,KPOP
Kennedy Wagner,HOLY SEE,Physician,Birdwatching,3618949060,29,1,DISCO
Marshall Valdez,GUYANA,Art Director,Yoga,8719886046,25,1,DISCO
Ashlee Casey,SOUTH AFRICA,Teacher Assistant,Bowling,4080545011,25,1,DISCO
Carleigh Casey,INDIA,Mason,Rebounding,2418397982,18,1,KPOP
Louis Lin,VANUATU,Designer,Cycling Biking,1788113411,19,0,KPOP
Keira Mejia,PALAU,Clinical Technician,Fantasy Sports,3564608264,21,1,KPOP
Jennifer Crane,ZAMBIA,Microbiologist,Canning,6407914545,52,1,ACOUSTIC
William Grimes,MALDIVES,Drafter,Digital Design ,8051008555,23,0,KPOP
Haiden Matthews,FRENCH POLYNESIA,Janitor,Bodybuilding,1554303612,21,0,KPOP
Ignacio Koch,TUVALU,Recreational Therapist,Model Crafting,1921819664,28,0,DISCO
Kendra Mcintosh,KUWAIT,Security Guard,Fantasy Sports,1637975879,37,1,VOCAL
Sawyer Bridges,FIJI,Financial Advisor,Embroidery,4861581341,29,0,DISCO
Princess Moses,ARUBA,Mechanical Engineer,Rock Collecting,2591070031,26,1,DISCO
Luciana Estrada,INDIA,Actuary,Quilting,7370673632,24,0,KPOP
Yaritza Compton,AMERICAN SAMOA,Electrician,Rebounding,4817695243,21,0,KPOP
Imani Booker,LIBYA,Mechanical Engineer,Traditional Sports,5423791095,63,0,FOLK
Cynthia Zhang,ANGUILLA,College Professor,Darts,9656917610,21,0,KPOP
Meadow Gentry,PAKISTAN,Administrator,Organizing,7863640939,18,1,KPOP
Abraham Eaton,LITHUANIA,Mathematician,Woodworking,9859837587,28,0,DISCO
Noah Haas,NAURU,Automotive mechanic,Flying,3414975581,26,1,DISCO
Jaylynn Vang,INDONESIA,Dancer,Surfing,1476259339,4,0,DANCE
Frank Walls,UGANDA,Microbiologist,Floral Arranging,3169452676,21,0,KPOP
Odin Duke,GUAM,Chemist,Bodybuilding,3878917238,35,0,VOCAL
Terrence Huffman,VIETNAM,Educator,Guitar,2577552221,42,0,VOCAL
Xander Jacobson,SERBIA,Urban Planner,Lockpicking,7088530125,33,0,DISCO
Maliyah Mcdaniel,BENIN,Referee,Movie Watching,6466924221,92,1,ACOUSTIC
Makena Delgado,PUERTO RICO,Mason,Pottery,6029614597,25,0,DISCO
Jakob Olsen,UZBEKISTAN,Architect,Canning,4329343325,26,0,DISCO
Anthony,FINLAND,Data Scientist,Dancer,9145695581,34,0,DISCO
Donald, US,Singer,Watching and analyzing movies,9784398816,55,0,FOLK
Mark,GERMANY,Dancer,Gaming,8296674350,56,0,FOLK
Paul, US, Software Engineers,Cricket,6807160086,57,0,FOLK
Daniela Simon,FALKLAND ISLANDS,Environmental scientist,Dancing,1885966374,23,0,KPOP
Iliana Bernard,ANGOLA,Editor,Sailing,5723289705,40,1,VOCAL
Adelaide Bennett,BANGLADESH,Painter,Skiing ,6566026674,82,1,ACOUSTIC
Nehemiah Mcdonald,QATAR,Historian,Martial Arts,4277753475,58,0,FOLK
Marcos Foley,YEMEN,Occupational Therapist,Chess,3080118612,25,0,DISCO
Maeve Rios,TURKEY,Insurance Agent,Coaching,1347324715,29,0,DISCO
Lainey Terry,IVORY COAST,Social Worker,Wine Tasting,4751896581,24,0,KPOP
Madison Kirk,NIGERIA,Systems Analyst,Flying,8628345199,32,0,DISCO
Bruno Dodson,VIRGIN ISLANDS (BRITISH),Dental Hygienist,Electronic Models,1673447337,22,0,KPOP
Daisy Parks,MONGOLIA,Civil Engineer,Genealogy,7462553154,16,1,EDM
Colton Fry,GABON,Childcare worker,Drawing and Painting,4961090470,24,1,KPOP
Dangelo Perry,NETHERLANDS,Paramedic,Cooking and Grilling,2067169549,26,1,DISCO
Roman Cortez,HAITI,Veterinarian,Pottery,8817705969,36,0,VOCAL
Gavyn Kennedy,MARSHALL ISLANDS,Telemarketer,Playing An Instrument,4394074004,39,0,VOCAL
Virginia Ryan,INDIA,Statistician,Rock Sports,4299972235,54,1,ACOUSTIC
Mckenna Cain,COCOS (KEELING) ISLANDS,Environmental scientist,Photography,7611544550,29,0,DISCO
Rowan Montgomery,NEW CALEDONIA,Firefighter,Birdwatching,5244674128,72,1,ACOUSTIC
Aniyah Gould,LAOS,Security Guard,Meditation,5788647070,22,1,KPOP
Nevaeh Mullen,MONTSERRAT,Psychologist,Playing Tennis,8709186304,21,0,KPOP
Micah Hess,BONAIRE,Computer Specialist,Writing,6751526193,30,0,DISCO
Rory Carey,CAPE VERDE,Patrol Officer,Astronomy,3898608639,42,0,VOCAL
Ashleigh Hardy,MADAGASCAR,Medical Secretary,Learning A Language,1133967499,26,0,DISCO
Jacob, UK,Construction of tents ,Coaching service,7560326779,51,0,FOLK
Gary, US,Courier service,Singer,1537622290,52,0,FOLK
Cynthia, US,Chikan work,Singer,6631963909,48,1,VOCAL
Miah Brock,JAPAN,Landscape Architect,Embroidery,4670245946,21,1,KPOP
Kyle Carrillo,CHINA,Urban Planner,Traveling,7594495255,16,1,EDM
Trey Berger,MALI,Mathematician,Skateboarding,7473289021,25,0,DISCO
Samantha, US,Dairyactivities,Cricket,7323379870,58,1,ACOUSTIC
Katherine, UK,Data Scientist,Kabaddi,210587200,59,1,ACOUSTIC
Hillary Holloway,NEPAL,Respiratory Therapist,Movie Watching,3548225868,21,0,KPOP
Christine, DENMARK,Dancer,Cycling,8529336033,54,1,ACOUSTIC
Yosef Lowery,SIERRA LEONE,IT Manager,Cooking,6627669152,17,0,EDM
Tabitha Nelson,COMOROS,Systems Analyst,Rocketry,1297572223,25,0,DISCO
Dominick Bush,GEORGIA,Mason,Woodworking,4198719941,14,0,EDM
Emma, US,Singer,Football,9600379815,60,1,ACOUSTIC
Charlie Peck,GUATEMALA,Medical Assistant,Birdwatching,6329117060,25,0,DISCO
Salvatore Valentine,BOLIVIA,High School Teacher,Currency Collecting,1276737464,50,0,FOLK
Gilbert Sanders,PAKISTAN,Abuse Counselor,Archery,5249715682,21,0,KPOP
Dale Marquez,NEPAL,Epidemiologist,Geocaching,1555684182,13,0,EDM
Lilia Duffy,CAMBODIA,Web Developer,Music Producing,6767198323,26,1,DISCO
James, US,Cashew processing,Cashew processing,8229131478,41,0,VOCAL
John, UK,Catering,Coaching service,9486110549,42,0,VOCAL
David,FINLAND,Clubs and canteen service,Gaming,7125231089,46,0,VOCAL
Karla Gibson,MYANMAR,Web Developer,Survival,8009568436,29,1,DISCO
Fabian Wyatt,TURKMENISTAN,Software Developer,Writing,1383396732,19,0,KPOP
Robert, US,Chikan work,Singer,7435229304,43,0,VOCAL
Michael, DENMARK,Cine Service,Dancer,4521683240,44,0,VOCAL
Emilia Lowery,NEPAL,Receptionist,Billiards,5647639006,15,1,EDM
Steven, UK, Software Engineers,Cashew processing,4052477904,58,0,FOLK
Andrew, US, Software Engineers,Coaching service,1370016102,59,0,FOLK
William, US,Cloth printing,Watching and analyzing movies,2492661538,45,0,VOCAL
Ivy Haynes,FRANCE,Statistician,Lockpicking,7841486907,15,1,EDM
Richard, US,Coaching service,Cricket,5027177483,47,0,VOCAL
Joseph,GERMANY,Coir processing/manufacture,Kabaddi,5248599525,48,0,VOCAL
Thomas, US,Confectionery,Football,9462037046,49,0,VOCAL
Charles, UK,Construction work,Cycling,6575582693,50,0,FOLK
Christopher, US,Construction of tents ,Cashew processing,1458571097,51,0,FOLK
Daniel, DENMARK,Courier service,Coaching service,8452105293,52,0,FOLK
atthew, US,Dairyactivities,Singer,2901600604,53,0,FOLK
Gregory,FINLAND, Software Engineers,Singer,6649127246,56,0,FOLK
Raymond, US, Software Engineers,Dancer,9799866290,57,0,FOLK
Alexander,GERMANY, Software Engineers,Watching and analyzing movies,45882033,58,0,FOLK
Patrick, US, Software Engineers,Gaming,2537552725,59,0,FOLK
Jennifer, UK, Software Engineers,Cricket,486060718,41,1,VOCAL
Cory Dalton,EL SALVADOR,Respiratory Therapist,Painting and Drawing,5842257183,20,0,KPOP
Kenneth, DENMARK, Software Engineers,Singer,7450107472,60,0,FOLK
Joshua, US,Cashew processing,Dancer,5669876157,41,0,VOCAL
Kevin,FINLAND,Catering,Watching and analyzing movies,2585713743,42,0,VOCAL
Cooper Wolfe,SOUTH SUDAN,Photographer,Jewelry Making,9295255557,20,0,KPOP
Frederick Roth,SAINT MARTIN,Housekeeper,Yoga,3454629516,15,0,EDM
Amelie Orozco,GUERNSEY,Mathematician,Playing Board Games,6873043202,14,1,EDM
Nicholas, DENMARK,Dairyactivities,Dancer,5184742519,53,0,FOLK
Eric, US,Data Scientist,Watching and analyzing movies,8113408034,54,0,FOLK
Jonathan,FINLAND,Singer,Gaming,6756193187,55,0,FOLK
Stephen, US,Dancer,Cricket,362055329,56,0,DANCE
Larry,GERMANY, Software Engineers,YouTube blogging,92645909,57,0,FOLK
Justin, US, Software Engineers,Cashew processing,2687756840,58,0,FOLK
Scott, UK, Software Engineers, Artist,7777728803,59,0,FOLK
Caleb Boyd,CHINA,Compliance Officer,Re-Selling,7157156933,36,0,VOCAL
Zackary Mendoza,CAYMAN ISLANDS,Real Estate Agent,Bowling,7587458934,73,0,FOLK
Adyson Flowers,AUSTRIA,Automotive mechanic,Painting and Drawing,5986090329,46,1,VOCAL
Tyree Kennedy,ESTONIA,Bookkeeping clerk,Car Restoration,1420043162,18,0,KPOP
Brandon, US, Software Engineers, Artist,5054082666,60,0,FOLK
Samuel, DENMARK, Software Engineers,Cashew processing,8266131284,54,0,FOLK
Frank, US, Software Engineers,Coaching service,2492533508,55,0,FOLK
Lisa, US,Catering,Cricket,2593456198,50,1,ACOUSTIC
Zariah Schmitt,ANDORRA, Teacher,Meditation,8697309762,12,0,EDM
Gustavo Trevino,EQUATORIAL GUINEA,Social Worker,Playing An Instrument,9179098258,56,0,FOLK
Margaret, DENMARK,Chikan work,YouTube blogging,9445583406,51,1,ACOUSTIC
Jessica, US, Software Engineers,Singer,3909035609,46,1,VOCAL
Sarah,GERMANY, Software Engineers,Dancer,9245100023,47,1,VOCAL
Karen, US, Software Engineers,Watching and analyzing movies,2862902698,48,1,VOCAL
Carolyn,GERMANY, Software Engineers,Dancer,432858604,58,1,ACOUSTIC
Linda, US, Software Engineers,YouTube blogging,1267901836,42,1,VOCAL
Elizabeth, DENMARK, Software Engineers,Cashew processing,5034198434,43,1,VOCAL
Barbara, US, Software Engineers,Cashew processing,196749881,44,1,VOCAL
Susan,FINLAND, Software Engineers,Coaching service,2876762807,45,1,VOCAL
Nancy, UK,Cashew processing,Gaming,6892554515,49,1,VOCAL
Betty, US,Cine Service,Cashew processing,3878328296,52,1,ACOUSTIC
Sandra,FINLAND,Cloth printing,Coaching service,7906271449,53,1,ACOUSTIC
Ashley, US,Clubs and canteen service, Gaming,786960784,54,1,FOLK
Dorothy,GERMANY,Coaching service, Gaming,3482785292,55,1,ACOUSTIC
Kimberly, US,Coir processing/manufacture,Cashew processing,1862352466,56,1,ACOUSTIC
Emily, UK,Confectionery,Coaching service,1064425029,57,1,ACOUSTIC
Donna, US,Construction work,Singer,8128641270,58,1,FOLK
Michelle, DENMARK,Construction of tents ,Dancer,2590172037,59,1,ACOUSTIC
Carol, US,Courier service,Watching and analyzing movies,3973070632,60,1,ACOUSTIC
Amanda,FINLAND,Dairyactivities,Gaming,8392853746,41,1,VOCAL
Melissa, US,Data Scientist,Cricket,178878073,42,1,VOCAL
Deborah, UK,Singer,YouTube blogging,8461076025,43,1,VOCAL
Stephanie, US,Dancer,Football,1705689499,44,1,VOCAL
Rebecca, DENMARK, Software Engineers,Cycling,2307613516,45,1,VOCAL
Laura, US,Cashew processing,Cashew processing,7638145017,46,1,VOCAL
Sharon,FINLAND,Catering,Coaching service,1433884843,47,1,VOCAL
Kathleen,GERMANY,Cine Service,Dancer,739468622,49,1,VOCAL
Amy, US,Cloth printing,Watching and analyzing movies,680168568,50,1,ACOUSTIC
Shirley, UK,Clubs and canteen service,Gaming,9285008375,51,1,ACOUSTIC
Angela, US,Coaching service,Cashew processing,1359665543,52,1,ACOUSTIC
Helen, DENMARK,Coir processing/manufacture,Coaching service,7937878284,53,1,ACOUSTIC
Anna, US,Confectionery,Singer,4016858204,54,1,ACOUSTIC
Brenda,FINLAND,Construction work,Dancer,3196478540,55,1,ACOUSTIC
Pamela, US,Construction of tents ,Watching and analyzing movies,2076508959,56,1,ACOUSTIC
Nicole,GERMANY,Courier service,Gaming,3903849807,57,1,ACOUSTIC
George,GERMANY,Cine Service,Cricket,4362366917,44,0,VOCAL
Edward, US,Cloth printing,YouTube blogging,32001923,45,0,VOCAL
Ronald, UK,Clubs and canteen service,Cashew processing,2370316861,46,0,VOCAL
Rachel, US, Software Engineers,Singer,6117641583,57,1,ACOUSTIC
Brian, US,Chikan work,Gaming,932659763,43,0,VOCAL
Jeffrey, US,Confectionery,Dancer,171297606,49,0,VOCAL
Ryan, US,Construction work,Cashew processing,6638783791,50,0,FOLK
Taliyah Dennis,MONTENEGRO,Executive Assistant,Re-Selling,9185532395,37,0,VOCAL
Janet, US, Software Engineers,Watching and analyzing movies,5064154040,59,1,ACOUSTIC
Jason, DENMARK,Coir processing/manufacture,Singer,2480695386,48,0,VOCAL
Debra,FINLAND,Catering,Coaching service,4506672377,56,1,ACOUSTIC
Timothy, US,Coaching service,Coaching service,3702492911,47,0,VOCAL
Catherine, US,Cashew processing,Cashew processing,7316804380,55,1,ACOUSTIC
Chaim Sanford,THAILAND,Middle School Teacher,Scotch Tasting,7857936868,29,0,DISCO
Destiney Holmes,ISLE OF MAN,Mason,Embroidery,7468323899,23,0,KPOP
Austin,US,Cashew processing,Cashew processing,8229131478,15,0,EDM
Andrea,ITALY,Catering,Coaching service,9486110549,30,1,DISCO
Leonardo,ITALY,Chikan work,Singer,7435229304,25,0,DISCO
Donatello,UK,Cine Service,Dancer,4521683240,40,0,VOCAL
Sergio,ITALY,Cloth printing,Watching and analyzing movies,2492661538,30,1,DISCO
Arya,INDIA,Clubs and canteen service,Gaming,7125231089,15,1,EDM
Arvind,INDIA,Coaching service,Cricket,5027177483,57,0,FOLK
Arun,INDIA,Coir processing/manufacture,Kabaddi,5248599525,20,0,KPOP
Donald,ITALY,Confectionery,Football,9462037046,21,0,KPOP
Ganya,INDIA,Construction work,Cycling,6575582693,35,1,VOCAL
Raghav,INDIA,Construction of tents ,Cashew processing,1458571097,29,0,DISCO
Olivea,UK,Courier service,Coaching service,8452105293,13,1,EDM
Amilia,UK,Dairyactivities,Singer,2901600604,15,1,EDM
Isla,ITALY,Data Scientist,Dancer,9145695581,25,1,DISCO
Oliver,UK,Singer,Watching and analyzing movies,9784398816,45,0,VOCAL
George,US,Dancer,Gaming,8296674350,30,0,DISCO
Harry,CANADA, Software Engineers,Cricket,6807160086,50,0,FOLK
Jack,ITALY, Software Engineers,Cashew processing,4052477904,20,0,KPOP
Jacob,UK, Software Engineers,Coaching service,1370016102,58,0,FOLK
Noah,UK, Software Engineers,Singer,7450107472,50,0,ACOUSTIC
Roma,US,Cashew processing,Dancer,5669876157,37,1,VOCAL
Sitara,INDIA,Catering,Watching and analyzing movies,2585713743,50,1,ACOUSTIC
Krishna,INDIA,Chikan work,Gaming,932659763,45,1,VOCAL
Cassia,ROME,Cine Service,Cricket,4362366917,20,1,KPOP
Ceaser,ROME,Cloth printing,YouTube blogging,32001923,30,0,DISCO
Antelina,ROME,Clubs and canteen service,Cashew processing,2370316861,13,1,EDM
Angel,US,Coaching service,Coaching service,3702492911,20,1,KPOP
Felix,ITALY, Software Engineers,Dancer,9799866290,13,0,EDM
Nathan,UK, Software Engineers,Watching and analyzing movies,45882033,28,0,DISCO
Samuel,CANADA, Software Engineers,Gaming,2537552725,62,0,FOLK
Jacob,US, Software Engineers,Coaching service,2492533508,70,0,FOLK
Liam,ITALY, Software Engineers,Singer,6649127246,50,0,FOLK
Savitha,INDIA,Dairyactivities,Dancer,5184742519,24,1,KPOP
Ying Yue,CHINA,Data Scientist,Watching and analyzing movies,8113408034,13,1,EDM
Shinchan,KOREA,Singer,Gaming,6756193187,5,0,DANCE
Shizuka,KOREA,Dancer,Cricket,362055329,57,1,ACOUSTIC
Wang Lei,CHINA, Software Engineers,YouTube blogging,92645909,51,0,FOLK
Barde,CHINA, Software Engineers,Cashew processing,2687756840,35,0,VOCAL
Chang,JAPAN, Software Engineers, Artist,7777728803,45,0,VOCAL
Zang Lei,JAPAN, Software Engineers, Artist,5054082666,20,0,KPOP
Ravi,INDIA,Construction work,Cashew processing,6638783791,50,0,FOLK
Rohan,INDIA,Construction of tents ,Coaching service,7560326779,60,0,FOLK
Roshan,INDIA,Courier service,Singer,1537622290,54,0,FOLK
Emma,CANADA, Software Engineers,YouTube blogging,1267901836,17,1,EDM
Jordan,INDIA, Software Engineers,Cashew processing,5034198434,20,0,KPOP
Bosch,UK,Coir processing/manufacture,Singer,2480695386,25,0,DISCO
Logan,NORWAY, Software Engineers,Cricket,486060718,72,0,ACOUSTIC
Anand,INDIA,Confectionery,Dancer,171297606,35,0,VOCAL
William,CANADA, Software Engineers,Cashew processing,8266131284,68,0,FOLK
